type_id,type_name,alpha,beta,description
1,사용자(너),1,7,해마.ai 는 호스트 챗봇의 ai 니까. 사용자를 대화 상대자로 인식. 사용자의 쩜이 너무 커지면 대화마다 중요 쩜 산출하는데 방해가 되지 않을까 판단. 자신을 돌아보는 사람이 유리한가? 호스트 챗봇과의 대화가 게임이라면 ? 
2,호스트챗봇(나),3,2,해마.ai 는 호스트 챗봇의 ai 니까. 호스트 챗봇을 자신이라고 인식
3,가족,7,3,가족의 범위가 어디까지 일지? 혈연? 아무튼 내가 싫어 하는 사람도 ? ㅇㅇ
4,찐친,7,2,일단 내가 좋아하는 사람들 위주
5,친구,5,3,음 연락 정도는 할 수 있는 사이의 사람들? 회사사람들 중 연락 할 수 있으면 친구에 속함.
6,회사동료,3,5,멀어진 회사사람들이 여기
7,아는사람,3,5,그냥 아직은 아는 사람들 편의점 사장님 정도? 
8,유명인,5,3,쯔양 같은? 
9,가상 캐릭터,7,3,"뽀로로, 쿠로미, 해리 포터... 등등  "
10,도서,7,3,지금 읽고 있는 책정도 방법서설 이런거 
11,작품,5,3,우리 집안에 있는 예술품들 미술품 같은거 여기 
12,역사적 인물,5,2,"세종대왕, 르네 데카르트"
13,사물,3,2,자동차도 여기 드림카 페라리도 여기? 내가 좋아하는 한글 국중박 키보드 여기
14,동물,2,3,뭐 개인적인 관계가 있는 '동물들'
15,식물,2,3,뭐 개인적인 관계가 있는 '식물들'
16,장소,2,5,"집, 문정동(좀 큰단위도 일단 여기에)"
17,서비스,3,5,"서비스의 개념적인 부분도 여기 '스트리밍 서비스'  챗지피티도 여기, 클로드나 챗지피티"
18,개념,5,3,어떠한 사고방식과 뭐 '사이코패스' 같은 개념적인 것들
19,브랜드,2,5,
20,사건,5,3,
21,역사적 사건,3,2,
22,음식,3,5,
23,기타 대명사,2,5,
24,회사,3,5,
25,목표,7,2,꿈? 목표? 언젠가 해보고 싶은 그런거?  크루즈 여행 같은거 
26,활동,5,3,취미인 활동 ! 
27,관심사,5,3,"관심사는 머지? 천문학적 사실들, 비트코인. ai 이런거 "
28,표현,2,7,"어떠한 표현 자체, 샤갈! 같은거 욕설도 해당될 수 있음."
29,가치관,5,3,행복해야 한다 이런  인생 가치관
